date,site,type,counts
2021-01-14,site_1,cra,198027062.9
2021-01-14,site_1,n2,40428.317
2021-01-14,site_2,cra,203323323.95
2021-01-14,site_2,n2,132669.7072
2021-01-14,site_3,cra,342513400.149
2021-01-14,site_3,n2,2859.09425
2021-01-14,site_4,cra,81636379
2021-01-14,site_4,n2,60376.497800000005
2021-01-14,site_5,cra,25631238.439999998
2021-01-14,site_5,n2,39502.90365
2021-01-19,site_1,cra,185295365
2021-01-19,site_1,n2,53390.28528333333
2021-01-19,site_2,cra,NA
2021-01-19,site_2,n2,11641.287366666667
2021-01-19,site_3,cra,56926797.349999994
2021-01-19,site_3,n2,33405.6652
2021-01-19,site_4,cra,44923508.1
2021-01-19,site_4,n2,197514.99566666665
2021-01-19,site_5,cra,4098228.67
2021-01-19,site_5,n2,4090.897
2021-01-21,site_1,cra,48492506.2
2021-01-21,site_1,n2,50990.66815
2021-01-21,site_2,cra,119549592.5
2021-01-21,site_2,n2,26080.63445
2021-01-21,site_3,cra,17625181.8
2021-01-21,site_3,n2,30829.2965
2021-01-21,site_4,cra,34567050.4
2021-01-21,site_4,n2,38027.361483333334
2021-01-21,site_5,cra,1329274301
2021-01-21,site_5,n2,21340.656016666668
2021-01-25,site_1,cra,29379553
2021-01-25,site_1,n2,89981.64032
2021-01-25,site_2,cra,NA
2021-01-25,site_2,n2,31971.952966666668
2021-01-25,site_3,cra,NA
2021-01-25,site_3,n2,11944.9557
2021-01-25,site_4,cra,18959806.2
2021-01-25,site_4,n2,59150.179683333336
2021-01-25,site_5,cra,28138829.25
2021-01-25,site_5,n2,20035.877566666666
2021-01-27,site_1,cra,450929010.95000005
2021-01-27,site_1,n2,194148.01201666667
2021-01-27,site_2,cra,86943814.82499999
2021-01-27,site_2,n2,14863.986666666668
2021-01-27,site_3,cra,NA
2021-01-27,site_3,n2,8534.662766666666
2021-01-27,site_4,cra,73412225.84
2021-01-27,site_4,n2,41427.9327
2021-01-27,site_5,cra,90475242.965
2021-01-27,site_5,n2,7652.904833333333
2021-02-01,site_1,cra,NA
2021-02-01,site_1,n2,NA
2021-02-01,site_2,cra,28232810.795
2021-02-01,site_2,n2,22331.6387
2021-02-01,site_3,cra,58990523.3
2021-02-01,site_3,n2,2468.4054
2021-02-01,site_4,cra,15082384.875
2021-02-01,site_4,n2,18699.28415
2021-02-01,site_5,cra,NA
2021-02-01,site_5,n2,4564.2467
2021-02-03,site_1,cra,81921462.5
2021-02-03,site_1,n2,16349.418333333333
2021-02-03,site_2,cra,140000000
2021-02-03,site_2,n2,13289.176333333333
2021-02-03,site_3,cra,2834485
2021-02-03,site_3,n2,16104.507483333335
2021-02-03,site_4,cra,71958916
2021-02-03,site_4,n2,17781.516666666666
2021-02-03,site_5,cra,45073053
2021-02-03,site_5,n2,33725.386666666665
2021-02-08,site_1,cra,NA
2021-02-08,site_1,n2,NA
2021-02-08,site_2,cra,33225143.25
2021-02-08,site_2,n2,9414.69045
2021-02-08,site_3,cra,48326296.3
2021-02-08,site_3,n2,5604.42245
2021-02-08,site_4,cra,13450920.600000001
2021-02-08,site_4,n2,9885.283
2021-02-08,site_5,cra,39122200.7
2021-02-08,site_5,n2,17501.035833333335
2021-02-10,site_1,cra,12425888.15
2021-02-10,site_1,n2,146394.55305
2021-02-10,site_2,cra,125288.78899999999
2021-02-10,site_2,n2,15955.271416666666
2021-02-10,site_3,cra,1533256.71
2021-02-10,site_3,n2,41619.71083333333
2021-02-10,site_4,cra,824450.9335
2021-02-10,site_4,n2,714.24038
2021-02-10,site_5,cra,NA
2021-02-10,site_5,n2,0
2021-02-15,site_1,cra,15437705.99
2021-02-15,site_1,n2,95544.08
2021-02-15,site_2,cra,13428151.440000001
2021-02-15,site_2,n2,11735.3645
2021-02-15,site_3,cra,NA
2021-02-15,site_3,n2,13483.394666666667
2021-02-15,site_4,cra,8957669.605
2021-02-15,site_4,n2,13197.3312
2021-02-15,site_5,cra,53742975.31
2021-02-15,site_5,n2,24921.35
2021-02-17,site_1,cra,108265.7321
2021-02-17,site_1,n2,25785.539016666666
2021-02-17,site_2,cra,21507450.7
2021-02-17,site_2,n2,22022.49175
2021-02-17,site_3,cra,35496840.6
2021-02-17,site_3,n2,46778.2718
2021-02-17,site_4,cra,25653782.299999997
2021-02-17,site_4,n2,24894.521866666666
2021-02-17,site_5,cra,174790455.5
2021-02-17,site_5,n2,47744.41235
2021-02-22,site_1,cra,14261118.2
2021-02-22,site_1,n2,158532.82321666667
2021-02-22,site_2,cra,NA
2021-02-22,site_2,n2,30913.95506666667
2021-02-22,site_3,cra,NA
2021-02-22,site_3,n2,25761.50615
2021-02-22,site_4,cra,NA
2021-02-22,site_4,n2,41211.03923333334
2021-02-22,site_5,cra,NA
2021-02-22,site_5,n2,81012.54186666667
2021-02-25,site_1,cra,NA
2021-02-25,site_1,n2,6733.124833333333
2021-02-25,site_2,cra,12104091
2021-02-25,site_2,n2,15992.2765
2021-02-25,site_3,cra,301197299.05
2021-02-25,site_3,n2,37368.89666666667
2021-02-25,site_4,cra,12317257
2021-02-25,site_4,n2,12860.628499999999
2021-02-25,site_5,cra,32998136.5
2021-02-25,site_5,n2,40233.69666666667
2021-03-01,site_1,cra,48171790.1
2021-03-01,site_1,n2,37660.203316666666
2021-03-01,site_2,cra,23144200.95
2021-03-01,site_2,n2,13262.2751
2021-03-01,site_3,cra,63839733.2
2021-03-01,site_3,n2,9775.123733333334
2021-03-01,site_4,cra,219635641
2021-03-01,site_4,n2,18864.1591
2021-03-01,site_5,cra,27547932.075
2021-03-01,site_5,n2,33719.13563333333
2021-03-03,site_1,cra,17522492.6
2021-03-03,site_1,n2,15449.784749999999
2021-03-03,site_2,cra,10859184.45
2021-03-03,site_2,n2,16647.31465
2021-03-03,site_3,cra,53546286.650000006
2021-03-03,site_3,n2,34815.627316666665
2021-03-03,site_4,cra,41139519.7
2021-03-03,site_4,n2,13785.4498
2021-03-03,site_5,cra,NA
2021-03-03,site_5,n2,13766.789733333333
2021-03-04,site_5,cra,36300514.333333336
2021-03-04,site_5,n2,54348.06
2021-03-08,site_1,cra,23837456.6
2021-03-08,site_1,n2,504120.56816666666
2021-03-08,site_2,cra,14931280.6
2021-03-08,site_2,n2,55692.091766666665
2021-03-08,site_3,cra,15230964.45
2021-03-08,site_3,n2,42657.312516666665
2021-03-08,site_4,cra,19279610.75
2021-03-08,site_4,n2,15059.5669
2021-03-08,site_5,cra,4232386.84
2021-03-08,site_5,n2,17350.184866666666
2021-03-10,site_1,cra,96127505.7
2021-03-10,site_1,n2,9747155.1625
2021-03-10,site_2,cra,NA
2021-03-10,site_2,n2,41624.16126666666
2021-03-10,site_3,cra,16827962.8
2021-03-10,site_3,n2,48400.31008333333
2021-03-10,site_4,cra,NA
2021-03-10,site_4,n2,25843.92484
2021-03-10,site_5,cra,3946328.195
2021-03-10,site_5,n2,65994.73942
2021-03-15,site_1,cra,1471183.94
2021-03-15,site_1,n2,7196.218
2021-03-15,site_2,cra,4148595.5
2021-03-15,site_2,n2,43022.198333333334
2021-03-15,site_3,cra,15225873.5
2021-03-15,site_3,n2,31533.01166666667
2021-03-15,site_4,cra,3898496
2021-03-15,site_4,n2,99248.91500000001
2021-03-15,site_5,cra,11452085.5
2021-03-15,site_5,n2,76794.035
2021-03-18,site_1,cra,41491810
2021-03-18,site_1,n2,238810.58333333334
2021-03-18,site_2,cra,57230071.5
2021-03-18,site_2,n2,69785.37833333333
2021-03-18,site_3,cra,53629710.333333336
2021-03-18,site_3,n2,141956.73333333334
2021-03-18,site_4,cra,681333333.3333334
2021-03-18,site_4,n2,65695.982
2021-03-18,site_5,cra,74918790.33333333
2021-03-18,site_5,n2,281694.18333333335
2021-03-22,site_1,cra,12649296.675
2021-03-22,site_1,n2,98219.02166666667
2021-03-22,site_2,cra,3456807.725
2021-03-22,site_2,n2,38419.653333333335
2021-03-22,site_3,cra,38594170
2021-03-22,site_3,n2,51862.595
2021-03-22,site_4,cra,4234893.55
2021-03-22,site_4,n2,77501.97016666667
2021-03-22,site_5,cra,19753794.625
2021-03-22,site_5,n2,60130.95
2021-03-24,site_1,cra,23003095.5
2021-03-24,site_1,n2,139600.82833333334
2021-03-24,site_2,cra,20921306.333333332
2021-03-24,site_2,n2,31534.023833333333
2021-03-24,site_3,cra,10548941.5
2021-03-24,site_3,n2,50741.38166666667
2021-03-24,site_4,cra,9098413.333333334
2021-03-24,site_4,n2,36783.29
2021-03-29,site_1,cra,10645765.5
2021-03-29,site_1,n2,86431.52
2021-03-29,site_2,cra,37104503.25
2021-03-29,site_2,n2,96281.19833333333
2021-03-29,site_3,cra,42145281.75
2021-03-29,site_3,n2,78977.25666666667
2021-03-29,site_4,cra,NA
2021-03-29,site_4,n2,54838.801666666666
2021-03-29,site_5,cra,31025389.75
2021-03-29,site_5,n2,31582.718333333334
2021-03-31,site_1,cra,329500000
2021-03-31,site_1,n2,30534.454999999998
2021-03-31,site_2,cra,50107341
2021-03-31,site_2,n2,56486.973333333335
2021-03-31,site_3,cra,21596000.75
2021-03-31,site_3,n2,64569.753333333334
2021-03-31,site_4,cra,37726655.25
2021-03-31,site_4,n2,48439.363333333335
2021-03-31,site_5,cra,14496271.75
2021-03-31,site_5,n2,24251.991833333333
2021-04-05,site_1,cra,37960570.2
2021-04-05,site_1,n2,148015.59163333333
2021-04-05,site_2,cra,5812074.7
2021-04-05,site_2,n2,18261.018266666666
2021-04-05,site_3,cra,6933450.1575
2021-04-05,site_3,n2,56734.490366666665
2021-04-05,site_4,cra,16737900.15
2021-04-05,site_4,n2,37297.799283333334
2021-04-05,site_5,cra,3649350.0275
2021-04-05,site_5,n2,63144.92963333333
2021-04-07,site_1,cra,167.6475
2021-04-07,site_1,n2,404944.0333333333
2021-04-07,site_2,cra,3934590.25
2021-04-07,site_2,n2,191046
2021-04-07,site_3,cra,27042248
2021-04-07,site_3,n2,143217.04166666666
2021-04-07,site_4,cra,4307102.5
2021-04-07,site_4,n2,256582.36666666667
2021-04-07,site_5,cra,130849747.5
2021-04-07,site_5,n2,296271.61666666664
2021-04-12,site_1,cra,19271935.05
2021-04-12,site_1,n2,114609.3627
2021-04-12,site_2,cra,9605740.54
2021-04-12,site_2,n2,47074.5517
2021-04-12,site_3,cra,16162742.775
2021-04-12,site_3,n2,48054.68523333334
2021-04-12,site_4,cra,23407515.125
2021-04-12,site_4,n2,83739.20805
2021-04-12,site_5,cra,35293985
2021-04-12,site_5,n2,123317.58898333333
2021-04-14,site_1,cra,22537870.85
2021-04-14,site_1,n2,299682.21883333335
2021-04-14,site_2,cra,30846719.73333333
2021-04-14,site_2,n2,175125.65491666668
2021-04-14,site_3,cra,22793925.733333334
2021-04-14,site_3,n2,266696.35983333335
2021-04-14,site_4,cra,NA
2021-04-14,site_4,n2,253250.6338
2021-04-14,site_5,cra,92265767.25
2021-04-14,site_5,n2,82530.95022500001
2021-04-19,site_1,cra,47418792.82
2021-04-19,site_1,n2,749629.906
2021-04-19,site_2,cra,16354741.15
2021-04-19,site_2,n2,121940.06375
2021-04-19,site_3,cra,26687360.033333335
2021-04-19,site_3,n2,138663.38605
2021-04-19,site_4,cra,5605486.715
2021-04-19,site_4,n2,53044.687933333335
2021-04-19,site_5,cra,122900829.55
2021-04-19,site_5,n2,118764.98171666666
2021-04-21,site_1,cra,20479564
2021-04-21,site_1,n2,348856.1666666667
2021-04-21,site_2,cra,52672304.5
2021-04-21,site_2,n2,168003.93333333335
2021-04-21,site_3,cra,9257087.5
2021-04-21,site_3,n2,253889.65
2021-04-21,site_4,cra,12599956.75
2021-04-21,site_4,n2,97459.89
2021-04-21,site_5,cra,NA
2021-04-21,site_5,n2,312051.7833333333
2021-04-26,site_1,cra,6539119
2021-04-26,site_1,n2,8504.379833333334
2021-04-26,site_2,cra,12088726.75
2021-04-26,site_2,n2,211442.41666666666
2021-04-26,site_3,cra,4769076.75
2021-04-26,site_3,n2,55322.085
2021-04-26,site_4,cra,9794266
2021-04-26,site_4,n2,180056.41666666666
2021-04-26,site_5,cra,51470126
2021-04-26,site_5,n2,138355.1666666667
2021-04-28,site_1,cra,11854856.25
2021-04-28,site_1,n2,183051.81666666665
2021-04-28,site_2,cra,15811617.5
2021-04-28,site_2,n2,204566.78333333333
2021-04-28,site_3,cra,11859076.25
2021-04-28,site_3,n2,566971.3833333333
2021-04-28,site_4,cra,1702446.925
2021-04-28,site_4,n2,61830.35666666667
2021-04-28,site_5,cra,107648442.75
2021-04-28,site_5,n2,264722.3666666667
2021-05-03,site_1,cra,65334563.75
2021-05-03,site_1,n2,885243.6333333333
2021-05-03,site_2,cra,13784934.75
2021-05-03,site_2,n2,505604.06666666665
2021-05-03,site_3,cra,31174597.25
2021-05-03,site_3,n2,189412.88333333333
2021-05-03,site_4,cra,3761867
2021-05-03,site_4,n2,267227.3
2021-05-03,site_5,cra,114942.655
2021-05-03,site_5,n2,787.4951000000001
2021-05-05,site_1,cra,49983113.25
2021-05-05,site_1,n2,1268937.5
2021-05-05,site_2,cra,13046637.5
2021-05-05,site_2,n2,207948.46666666667
2021-05-05,site_3,cra,34127030.5
2021-05-05,site_3,n2,309657.4166666667
2021-05-05,site_4,cra,10259839
2021-05-05,site_4,n2,82364.06
2021-05-05,site_5,cra,39464039.5
2021-05-05,site_5,n2,186200.18333333335
2021-05-10,site_1,cra,300713068.4
2021-05-10,site_1,n2,282057.4510666667
2021-05-10,site_2,cra,301798.8206
2021-05-10,site_2,n2,351.95545000000004
2021-05-10,site_3,cra,117957143.1725
2021-05-10,site_3,n2,141652.4401
2021-05-10,site_4,cra,1757150.3975
2021-05-10,site_4,n2,51404.48583333333
2021-05-10,site_5,cra,2407152.12725
2021-05-10,site_5,n2,69227.57906666666
2021-05-12,site_1,cra,210916148.95
2021-05-12,site_1,n2,466115.69203333335
2021-05-12,site_2,cra,116489132.825
2021-05-12,site_2,n2,473891.1468
2021-05-12,site_3,cra,5537095.131
2021-05-12,site_3,n2,225251.66013333335
2021-05-12,site_4,cra,3429997.67425
2021-05-12,site_4,n2,27338.118216666666
2021-05-12,site_5,cra,1406.14265
2021-05-12,site_5,n2,1
2021-05-17,site_1,cra,14642269.5
2021-05-17,site_1,n2,267508.99
2021-05-17,site_2,cra,4145279.75
2021-05-17,site_2,n2,50271.566666666666
2021-05-17,site_3,cra,14827.432
2021-05-17,site_3,n2,84.44045
2021-05-17,site_4,cra,5499079
2021-05-17,site_4,n2,25802.196666666667
2021-05-19,site_1,cra,34228581
2021-05-19,site_1,n2,883880.9
2021-05-19,site_2,cra,990439.7
2021-05-19,site_2,n2,49286.925
2021-05-19,site_3,cra,247436
2021-05-19,site_3,n2,230716.8
2021-05-19,site_4,cra,10441166
2021-05-19,site_4,n2,36348.97833333333
2021-05-24,site_1,cra,NA
2021-05-24,site_1,n2,0
2021-05-24,site_2,cra,90572.66500000001
2021-05-24,site_2,n2,-1.254625
2021-05-24,site_3,cra,222474
2021-05-24,site_3,n2,0.9051
2021-05-24,site_4,cra,26611.39
2021-05-24,site_4,n2,0
2021-05-26,site_1,cra,NA
2021-05-26,site_1,n2,107055.18
2021-05-26,site_2,cra,10100428
2021-05-26,site_2,n2,101164.38166666667
2021-05-26,site_3,cra,3849.407
2021-05-26,site_3,n2,1523.54734
2021-05-26,site_4,cra,2046875
2021-05-26,site_4,n2,10224931.5
2021-06-01,site_1,cra,4446698.5
2021-06-01,site_1,n2,154607.58333333334
2021-06-01,site_2,cra,419170.65
2021-06-01,site_2,n2,10766.498666666666
2021-06-01,site_3,cra,NA
2021-06-01,site_3,n2,402854.9
2021-06-01,site_4,cra,8745782
2021-06-01,site_4,n2,55518.848333333335
2021-06-07,site_1,cra,NA
2021-06-07,site_1,n2,90699.464
2021-06-07,site_2,cra,NA
2021-06-07,site_2,n2,NA
2021-06-07,site_3,cra,529136.55
2021-06-07,site_3,n2,9824.5305
2021-06-07,site_4,cra,35962293.3
2021-06-07,site_4,n2,55526.565
2021-06-09,site_1,cra,39331050.5
2021-06-09,site_1,n2,461740.117
2021-06-09,site_2,cra,57223772.55
2021-06-09,site_2,n2,145660.54133333333
2021-06-09,site_3,cra,570295.1905
2021-06-09,site_3,n2,36070.73796666667
2021-06-09,site_4,cra,6477239.79
2021-06-09,site_4,n2,81998.10485
2021-06-14,site_1,cra,NA
2021-06-14,site_1,n2,46167.355
2021-06-14,site_2,cra,21081656.25
2021-06-14,site_2,n2,51497.308333333334
2021-06-14,site_3,cra,252.9714
2021-06-14,site_3,n2,2905.9436166666665
2021-06-14,site_4,cra,NA
2021-06-14,site_4,n2,65949.305
2021-06-16,site_1,cra,39209616
2021-06-16,site_1,n2,202384.48333333334
2021-06-16,site_2,cra,1223113.2275
2021-06-16,site_2,n2,67832.20333333334
2021-06-16,site_3,cra,192847.875
2021-06-16,site_3,n2,8988.1949
2021-06-16,site_4,cra,12814564
2021-06-16,site_4,n2,37598.793333333335
2021-06-21,site_1,cra,3081911.5
2021-06-21,site_1,n2,4843.019
2021-06-21,site_2,cra,19861697.5
2021-06-21,site_2,n2,22826.465
2021-06-21,site_3,cra,5251.1555
2021-06-21,site_3,n2,491.0671333333333
2021-06-21,site_4,cra,3205553.75
2021-06-21,site_4,n2,3206.762166666667
2021-06-23,site_1,cra,103629839.55
2021-06-23,site_1,n2,230844.5
2021-06-23,site_2,cra,NA
2021-06-23,site_2,n2,95320.212
2021-06-23,site_3,cra,964615.22545
2021-06-23,site_3,n2,81901.82833333334
2021-06-23,site_4,cra,4341870.0795
2021-06-23,site_4,n2,63435.13333333333
2021-07-12,site_1,cra,13163479.38
2021-07-12,site_1,n2,287.82966666666664
2021-07-12,site_2,cra,46979871.1275
2021-07-12,site_2,n2,1471.1142666666667
2021-07-12,site_3,cra,NA
2021-07-12,site_3,n2,0
2021-07-12,site_4,cra,NA
2021-07-12,site_4,n2,0
2021-07-14,site_1,cra,1786222.5
2021-07-14,site_1,n2,2257.1225
2021-07-14,site_2,cra,6166684.5
2021-07-14,site_2,n2,1664.3044
2021-07-14,site_3,cra,116561.7
2021-07-14,site_3,n2,1822.3384166666667
2021-07-14,site_4,cra,6368.83
2021-07-14,site_4,n2,0
2021-07-18,site_1,cra,NA
2021-07-18,site_1,n2,NA
2021-07-18,site_2,cra,NA
2021-07-18,site_2,n2,NA
2021-07-18,site_3,cra,NA
2021-07-18,site_3,n2,NA
2021-07-18,site_4,cra,NA
2021-07-18,site_4,n2,NA
2021-07-20,site_1,cra,NA
2021-07-20,site_1,n2,NA
2021-07-20,site_2,cra,NA
2021-07-20,site_2,n2,NA
2021-07-20,site_3,cra,NA
2021-07-20,site_3,n2,NA
2021-07-20,site_4,cra,NA
2021-07-20,site_4,n2,NA
2021-07-26,site_1,cra,3585725
2021-07-26,site_1,n2,278.9058166666667
2021-07-26,site_2,cra,NA
2021-07-26,site_2,n2,NA
2021-07-26,site_3,cra,161221.25
2021-07-26,site_3,n2,806.1894
2021-07-26,site_4,cra,2341393
2021-07-26,site_4,n2,826.8419166666667
2021-07-28,site_1,cra,7852662.5
2021-07-28,site_1,n2,6220.259333333333
2021-07-28,site_2,cra,14353222
2021-07-28,site_2,n2,1487.1211333333333
2021-07-28,site_3,cra,77409.535
2021-07-28,site_3,n2,473.26311666666663
2021-07-28,site_4,cra,1347166.5
2021-07-28,site_4,n2,1283.80934
2021-08-02,site_1,cra,NA
2021-08-02,site_1,n2,NA
2021-08-02,site_2,cra,NA
2021-08-02,site_2,n2,NA
2021-08-02,site_3,cra,NA
2021-08-02,site_3,n2,NA
2021-08-02,site_4,cra,NA
2021-08-02,site_4,n2,NA
2021-08-04,site_1,cra,NA
2021-08-04,site_1,n2,NA
2021-08-04,site_2,cra,NA
2021-08-04,site_2,n2,NA
2021-08-04,site_3,cra,NA
2021-08-04,site_3,n2,NA
2021-08-04,site_4,cra,NA
2021-08-04,site_4,n2,NA
2021-08-09,site_1,cra,13403787
2021-08-09,site_1,n2,NA
2021-08-09,site_2,cra,6802189
2021-08-09,site_2,n2,NA
2021-08-09,site_3,cra,966632
2021-08-09,site_3,n2,NA
2021-08-09,site_4,cra,NA
2021-08-09,site_4,n2,452.039
2021-08-11,site_1,cra,4220708
2021-08-11,site_1,n2,8985.029333333334
2021-08-11,site_2,cra,4363094
2021-08-11,site_2,n2,2162.569
2021-08-11,site_3,cra,21887562.5
2021-08-11,site_3,n2,4814.1455
2021-08-11,site_4,cra,21215223.5
2021-08-11,site_4,n2,3572.0608333333334
2021-08-15,site_1,cra,NA
2021-08-15,site_1,n2,NA
2021-08-15,site_2,cra,NA
2021-08-15,site_2,n2,8905.239166666666
2021-08-16,site_3,cra,376031.85
2021-08-16,site_3,n2,11419.154216666666
2021-08-16,site_4,cra,8136174
2021-08-16,site_4,n2,9364.939166666667
2021-08-18,site_1,cra,NA
2021-08-18,site_1,n2,NA
2021-08-18,site_2,cra,5113631
2021-08-18,site_2,n2,13524.101166666667
2021-08-18,site_3,cra,3131965.5
2021-08-18,site_3,n2,7328.719833333334
2021-08-18,site_4,cra,22098119
2021-08-18,site_4,n2,26174.055
2021-08-23,site_1,cra,NA
2021-08-23,site_1,n2,NA
2021-08-23,site_2,cra,17917305.5
2021-08-23,site_2,n2,18643.828333333335
2021-08-23,site_3,cra,NA
2021-08-23,site_3,n2,NA
2021-08-23,site_4,cra,15593248.6
2021-08-23,site_4,n2,19495.653333333335
2021-08-23,site_5,cra,4413262.0600000005
2021-08-23,site_5,n2,263762.3661666667
2021-08-25,site_1,cra,NA
2021-08-25,site_1,n2,NA
2021-08-25,site_2,cra,NA
2021-08-25,site_2,n2,66919.01486666666
2021-08-25,site_3,cra,NA
2021-08-25,site_3,n2,NA
2021-08-25,site_4,cra,NA
2021-08-25,site_4,n2,10359.744533333333
2021-08-25,site_5,cra,NA
2021-08-25,site_5,n2,NA
2021-08-30,site_1,cra,13877483.9
2021-08-30,site_1,n2,19217.13333333333
2021-08-30,site_2,cra,13161199.65
2021-08-30,site_2,n2,36416.95166666667
2021-08-30,site_3,cra,0
2021-08-30,site_3,n2,NA
2021-08-30,site_4,cra,NA
2021-08-30,site_4,n2,5489.3327
2021-08-30,site_5,cra,NA
2021-08-30,site_5,n2,51901.79523333333
2021-09-01,site_1,cra,4662130.87
2021-09-01,site_1,n2,4.79445
2021-09-01,site_2,cra,11217597.9
2021-09-01,site_2,n2,83168.84383333333
2021-09-01,site_3,cra,6940836.345
2021-09-01,site_3,n2,1510.7646
2021-09-01,site_4,cra,11728631.1
2021-09-01,site_4,n2,399647.99525
2021-09-01,site_5,cra,11292996.25
2021-09-01,site_5,n2,201589.928
2021-09-07,site_1,cra,246448684
2021-09-07,site_1,n2,118266.29016666667
2021-09-07,site_2,cra,3845421.1500000004
2021-09-07,site_2,n2,8570.719633333334
2021-09-07,site_3,cra,145710.79
2021-09-07,site_3,n2,38992.5375
2021-09-07,site_4,cra,NA
2021-09-07,site_4,n2,NA
2021-09-07,site_5,cra,NA
2021-09-07,site_5,n2,NA
2021-09-14,site_1,cra,NA
2021-09-14,site_1,n2,0.1404
2021-09-14,site_2,cra,4832523.24
2021-09-14,site_2,n2,58784.57833333333
2021-09-14,site_3,cra,211002.464
2021-09-14,site_3,n2,1324.76485
2021-09-14,site_4,cra,660479.9384999999
2021-09-14,site_4,n2,2874.1884333333333
2021-09-14,site_5,cra,NA
2021-09-14,site_5,n2,314197.93333333335
2021-09-16,site_1,cra,5923901.355
2021-09-16,site_1,n2,180925.70183333335
2021-09-16,site_2,cra,20870657.95
2021-09-16,site_2,n2,40724.42396666667
2021-09-16,site_3,cra,NA
2021-09-16,site_3,n2,42499.34156666667
2021-09-16,site_4,cra,NA
2021-09-16,site_4,n2,82923.6292
2021-09-16,site_5,cra,273044923
2021-09-16,site_5,n2,40543.702333333335
2021-09-19,site_1,cra,21300180.700000003
2021-09-19,site_1,n2,18922.50821666667
2021-09-19,site_2,cra,553656198.5
2021-09-19,site_2,n2,11652.4906
2021-09-19,site_3,cra,NA
2021-09-19,site_3,n2,12158.313
2021-09-19,site_4,cra,NA
2021-09-19,site_4,n2,NA
2021-09-19,site_5,cra,115247783
2021-09-19,site_5,n2,87106.62375
2021-09-22,site_1,cra,1069281.5
2021-09-22,site_1,n2,198.446525
2021-09-22,site_2,cra,NA
2021-09-22,site_2,n2,14627.6
2021-09-22,site_3,cra,4697817
2021-09-22,site_3,n2,5371.568333333334
2021-09-22,site_4,cra,NA
2021-09-22,site_4,n2,12665.29
2021-09-22,site_5,cra,NA
2021-09-22,site_5,n2,35672.55
2021-09-27,site_1,cra,45539716
2021-09-27,site_1,n2,57756.54075
2021-09-27,site_2,cra,146828883.5
2021-09-27,site_2,n2,7597.435966666667
2021-09-27,site_3,cra,5314.7474
2021-09-27,site_3,n2,0.2708666666666667
2021-09-27,site_4,cra,547.6339
2021-09-27,site_4,n2,0.1071
2021-09-27,site_5,cra,547.6339
2021-09-27,site_5,n2,17638.81558
2021-09-29,site_1,cra,564412.9
2021-09-29,site_1,n2,232.76183333333333
2021-09-29,site_2,cra,47526151.5
2021-09-29,site_2,n2,24320.566666666666
2021-09-29,site_3,cra,NA
2021-09-29,site_3,n2,NA
2021-09-29,site_4,cra,271595.05
2021-09-29,site_4,n2,336.35176666666666
2021-09-29,site_5,cra,NA
2021-09-29,site_5,n2,16644.99
2021-10-04,site_1,cra,6138656.5
2021-10-04,site_1,n2,47614.98333333333
2021-10-04,site_2,cra,145978.9421
2021-10-04,site_2,n2,NA
2021-10-04,site_3,cra,748.6025
2021-10-04,site_3,n2,NA
2021-10-04,site_4,cra,708876.29955
2021-10-04,site_4,n2,NA
2021-10-04,site_5,cra,8583157.501
2021-10-04,site_5,n2,55122.38333333333
2021-10-06,site_1,cra,33112.385
2021-10-06,site_1,n2,NA
2021-10-06,site_2,cra,446892.9
2021-10-06,site_2,n2,2839.58
2021-10-06,site_3,cra,499598.85
2021-10-06,site_3,n2,4871.419833333333
2021-10-06,site_4,cra,2419422
2021-10-06,site_4,n2,27609.27
2021-10-06,site_5,cra,1061.4771
2021-10-06,site_5,n2,NA
2021-10-11,site_1,cra,1104138
2021-10-11,site_1,n2,722.4068
2021-10-11,site_2,cra,4786794.5
2021-10-11,site_2,n2,38326.924166666664
2021-10-11,site_3,cra,8002623.5
2021-10-11,site_3,n2,31098.74166666667
2021-10-11,site_4,cra,5215.6345
2021-10-11,site_4,n2,6455.274166666666
2021-10-11,site_5,cra,7276876.5
2021-10-11,site_5,n2,NA
2021-10-13,site_1,cra,2121.7277
2021-10-13,site_1,n2,52.900000000000006
2021-10-13,site_2,cra,200679.2845
2021-10-13,site_2,n2,2.6619200000000003
2021-10-13,site_3,cra,22375810.4
2021-10-13,site_3,n2,56169.13285
2021-10-13,site_4,cra,259079.7955
2021-10-13,site_4,n2,9.2539
2021-10-13,site_5,cra,177654.4975
2021-10-13,site_5,n2,30.2995
2021-10-18,site_1,cra,84908874.91
2021-10-18,site_1,n2,9851.2575
2021-10-18,site_2,cra,126131001.95
2021-10-18,site_2,n2,10115.9665
2021-10-18,site_3,cra,2122577.19
2021-10-18,site_3,n2,11724.056283333333
2021-10-18,site_4,cra,2337790.467
2021-10-18,site_4,n2,2056.2469
2021-10-18,site_5,cra,4645536.226
2021-10-18,site_5,n2,4192.719166666667
2021-10-20,site_1,cra,17323833.045
2021-10-20,site_1,n2,264596.6527166667
2021-10-20,site_2,cra,214419493.8
2021-10-20,site_2,n2,24874.951866666666
2021-10-20,site_3,cra,79119.33505
2021-10-20,site_3,n2,34.80393333333333
2021-10-20,site_4,cra,3321636.7275
2021-10-20,site_4,n2,1103.60065
2021-10-20,site_5,cra,29225734.05
2021-10-20,site_5,n2,17761.003783333334
2021-10-24,site_1,cra,NA
2021-10-24,site_1,n2,NA
2021-10-24,site_2,cra,13076.815
2021-10-24,site_2,n2,NA
2021-10-24,site_3,cra,1496384
2021-10-24,site_3,n2,1210.992
2021-10-24,site_4,cra,4668.0705
2021-10-24,site_4,n2,NA
2021-10-24,site_5,cra,5610957
2021-10-24,site_5,n2,6639.054666666667
2021-10-27,site_1,cra,724635.2
2021-10-27,site_1,n2,1196.99236
2021-10-27,site_2,cra,22625.940000000002
2021-10-27,site_2,n2,NA
2021-10-27,site_3,cra,29580364
2021-10-27,site_3,n2,3177.028333333333
2021-10-27,site_4,cra,7284665.5
2021-10-27,site_4,n2,9382.699166666667
2021-10-27,site_5,cra,127731.7
2021-10-27,site_5,n2,NA
2021-11-01,site_1,cra,50640714.900000006
2021-11-01,site_1,n2,8708.886816666667
2021-11-01,site_2,cra,31528175.35
2021-11-01,site_2,n2,8679.78455
2021-11-01,site_3,cra,NA
2021-11-01,site_3,n2,13363.13494
2021-11-01,site_4,cra,NA
2021-11-01,site_4,n2,0
2021-11-01,site_5,cra,3706036.885
2021-11-01,site_5,n2,2158.39995
2021-11-03,site_1,cra,29810249
2021-11-03,site_1,n2,26680.296216666666
2021-11-03,site_2,cra,294021.945
2021-11-03,site_2,n2,665.9083333333333
2021-11-03,site_3,cra,NA
2021-11-03,site_3,n2,0
2021-11-03,site_4,cra,1902375.87
2021-11-03,site_4,n2,14885.3158
2021-11-03,site_5,cra,787377.6895000001
2021-11-03,site_5,n2,454.76578333333333
2021-11-08,site_1,cra,12274606.3
2021-11-08,site_1,n2,62578.60965
2021-11-08,site_2,cra,NA
2021-11-08,site_2,n2,0
2021-11-08,site_3,cra,33674.955050000004
2021-11-08,site_3,n2,23.2595
2021-11-08,site_4,cra,NA
2021-11-08,site_4,n2,0
2021-11-08,site_5,cra,12861043.95
2021-11-08,site_5,n2,10102.139933333334
2021-11-10,site_1,cra,51985688.55
2021-11-10,site_1,n2,66910.42711666666
2021-11-10,site_2,cra,NA
2021-11-10,site_2,n2,6394.58978
2021-11-10,site_3,cra,20346846.5
2021-11-10,site_3,n2,15158.125666666667
2021-11-10,site_4,cra,4881535.75
2021-11-10,site_4,n2,22971.6416
2021-11-10,site_5,cra,255570820
2021-11-10,site_5,n2,41436.02698333333
