date,n2_1,n2_2,n2_3,n2_4,n2_5,n2_6,cra_1,cra_2,cra_3,cra_4,cra_5,cra_6,site
2021-01-14,NA,25370.8513,55485.7827,NA,NA,NA,107142182.8,288911943,NA,NA,NA,NA,site_1
2021-01-19,93093.2403,80503.5357,89198.6712,19817.7683,21586.1043,16142.3919,180992668,189598062,NA,NA,NA,NA,site_1
2021-01-21,70214,36670.3729,28619.939,1905.3719,77797.7694,90736.5557,47688126.7,49296885.7,NA,NA,NA,NA,site_1
2021-01-25,27658.0078,27658.0078,146437.272,136759.029,111395.885,NA,29574503.8,29184602.2,NA,NA,NA,NA,site_1
2021-01-27,12175.1257,10894.7702,23113.7223,426231.6448,327020.639,365452.1701,437467994.6,464390027.3,NA,NA,NA,NA,site_1
2021-02-01,NA,NA,NA,NA,NA,NA,NA,NA,NA,NA,NA,NA,site_1
2021-02-03,16005.01,19817.77,25176.16,11273.68,10618.97,15204.92,80019185,83823740,NA,NA,NA,NA,site_1
2021-02-08,NA,NA,NA,NA,NA,NA,NA,NA,NA,NA,NA,NA,site_1
2021-02-10,114289.151,93093.2403,107651.811,230348.353,169338.154,163646.609,10786414.9,14065361.4,NA,NA,NA,NA,site_1
2021-02-15,105827.2,111395.9,100537,75828.29,79139.09,100537,15744984.98,15130427,NA,NA,NA,NA,site_1
2021-02-17,30908.3824,29615.3258,28376.3643,24538.8135,19316.0753,21958.2728,117582.069,98949.3952,NA,NA,NA,NA,site_1
2021-02-22,179778.805,189238.808,234319.815,120303.073,88439.5313,139116.907,14734106.6,13788129.8,NA,NA,NA,NA,site_1
2021-02-25,16420.7,3378.163,8649.587,1841.331,8502.986,1605.982,NA,NA,NA,NA,NA,NA,site_1
2021-03-01,51177.7835,42044.2458,51177.7835,30125.927,9749.0588,41686.4213,48970849.7,47372730.5,NA,NA,NA,NA,site_1
2021-03-03,19481.879,3555.9226,17433.1337,13036.7421,18507.9845,20683.0466,18219767.4,16825217.8,NA,NA,NA,NA,site_1
2021-03-08,546125.32,565119.277,642420.527,501386.674,305407.391,464264.22,23758367.9,23916545.3,NA,NA,NA,NA,site_1
2021-03-10,13828408.4,11958287.9,NA,NA,NA,NA,NA,NA,NA,NA,NA,NA,site_1
2021-03-10,7667389,7039275,6744786,12804559,11360496,6574040,89574723.9,96999079.1,112992608,84943611.8,NA,NA,site_1
2021-03-15,NA,325.0629,30.9871,11379.93,13617.29,10627.82,17447.66,346802.1,2860937,2659549,NA,NA,site_1
2021-03-18,292874.5,226632.9,211654.5,186186.5,209853.1,305662,40253207,42730413,NA,NA,NA,NA,site_1
2021-03-22,69914.14,77465.52,91906.77,109976.1,102707.7,137343.9,10690518.6,10905467.9,NA,13396195.6,15605004.6,NA,site_1
2021-03-24,47186.22,93491.34,82241.71,205244.3,170062.3,239379.1,21175260,24830931,NA,NA,NA,NA,site_1
2021-03-29,75245.61,58726.56,75245.61,94777.2,97238.84,117355.3,4751674,4944674,NA,15897992,16988722,NA,site_1
2021-03-31,33983.62,25631.57,36388.59,21622.1,29161.93,36418.92,217000000,232000000,424000000,445000000,NA,NA,site_1
2021-04-05,201073.906,179928.655,278233.814,79205.054,69081.4834,80570.6374,NA,28130722.8,28130722.8,44466009.3,51114825.9,NA,site_1
2021-04-07,359557.6,356497.5,441423.4,489101.3,356497.5,426586.9,167.6475,NA,NA,NA,NA,NA,site_1
2021-04-12,133408.038,116356.529,145312.014,98073.507199999993,98915.3424,95590.7456,19399815.8,19144054.3,NA,NA,NA,NA,site_1
2021-04-14,433941.753,268882.229,514837.875,151656.589,213471.245,215303.622,19399815.8,19658994.2,23516413.8,27576259.6,NA,NA,site_1
2021-04-19,519257.097,560776.769,648474.952,874604.169,1020062.28,874604.169,53545107.8,54985372.9,0,62789071.7,65774411.7,NA,site_1
2021-04-21,215303.6,271190.2,368896.3,266593.9,460696.7,510456.3,19528975,21430153,NA,NA,NA,NA,site_1
2021-04-26,6309.791,2464.337,2485.491,11283.08,11477.61,17005.97,6278907,6799331,NA,NA,NA,NA,site_1
2021-04-28,123530.6,115366.3,215303.6,287910.6,133408,222791.8,9287801,9104736,NA,NA,13647712,15379176,site_1
2021-05-03,1210224,1011381,1590920,616057.8,437666.6,445212.4,82421342,86340109,45060068,47516736,NA,NA,site_1
2021-05-05,1073738,1020062,1263064,1660382,1220612,1375767,46890289,49446740,51797712,51797712,NA,NA,site_1
2021-05-10,262075.391,232519.2469,283030.8755,368896.3362,290381.9867,255440.8701,292733185.2,308692951.6,NA,NA,NA,NA,site_1
2021-05-12,441423.3924,437666.5863,519257.0974,NA,NA,NA,203221904.6,218610393.3,NA,NA,NA,NA,site_1
2021-05-17,445212.4,278233.8,484938.7,166606.8,98915.34,131146.9,14108118,15176421,NA,NA,NA,NA,site_1
2021-05-19,838015,769364.7,1189712,1139940,590285,775968.7,33206798,35250364,NA,NA,NA,NA,site_1
2021-05-24,NA,0,0,NA,NA,NA,NA,NA,NA,NA,NA,NA,site_1
2021-05-26,90039.31,108666.4,138047.9,140428,67910.63,97238.84,NA,NA,NA,NA,NA,NA,site_1
2021-06-01,141633.4,122479.2,131146.9,240606.1,172401.3,119378.6,4476205,4417192,NA,NA,NA,NA,site_1
2021-06-07,271190.2,0,60769.04,60769.04,60769.04,NA,NA,NA,NA,NA,NA,NA,site_1
2021-06-09,616057.843,590284.975,648474.952,395002.607,275865.86,244754.465,38939580.3,39722520.7,NA,NA,NA,NA,site_1
2021-06-14,39298.21,39975.76,61290.66,63966.72,36700.94,35771.84,NA,NA,NA,NA,NA,NA,site_1
2021-06-16,262075.4,262075.4,359557.6,94777.2,121436.9,114384.4,46580170,42730413,33427881,34100000,NA,NA,site_1
2021-06-21,3354.845,5198.454,5975.758,NA,NA,NA,2918460,3245363,NA,NA,NA,NA,site_1
2021-06-23,206489.1,187085.5,298958.9,NA,NA,NA,102598390.1,104661289,NA,NA,NA,NA,site_1
2021-07-12,275.4218,308.9776,373.2094,358.1962,169.662,241.511,12988792.05,13338166.71,NA,NA,NA,NA,site_1
2021-07-14,2467.229,2549.616,2907.61,1897.085,1557.739,2163.456,1762518,1809927,NA,NA,NA,NA,site_1
2021-07-18,NA,NA,NA,NA,NA,NA,NA,NA,NA,NA,NA,NA,site_1
2021-07-20,NA,NA,NA,NA,NA,NA,NA,NA,NA,NA,NA,NA,site_1
2021-07-26,264.3423,203.2563,277.6928,349.4797,289.3319,289.3319,3514353,3657097,NA,NA,NA,NA,site_1
2021-07-28,4958.471,6138.644,5748.331,7354.138,6830.222,6291.75,8217155,7488170,NA,NA,NA,NA,site_1
2021-08-02,NA,NA,NA,NA,NA,NA,NA,NA,NA,NA,NA,NA,site_1
2021-08-04,NA,NA,NA,NA,NA,NA,NA,NA,NA,NA,NA,NA,site_1
2021-08-09,NA,NA,NA,NA,NA,NA,12648569,14159005,NA,NA,NA,NA,site_1
2021-08-11,14034.27,6373.49,6547.328,NA,NA,NA,4374680,4066736,NA,NA,NA,NA,site_1
2021-08-15,NA,NA,NA,NA,NA,NA,NA,NA,NA,NA,NA,NA,site_1
2021-08-18,NA,NA,NA,NA,NA,NA,NA,NA,NA,NA,NA,NA,site_1
2021-08-23,NA,NA,NA,NA,NA,NA,NA,NA,NA,NA,NA,NA,site_1
2021-08-25,NA,NA,NA,NA,NA,NA,NA,NA,NA,NA,NA,NA,site_1
2021-08-30,19303.19,16727.51,27613.61,20901.78,13071.13,17685.58,13856539.9,13898427.9,NA,NA,NA,NA,site_1
2021-09-01,0.9328,8.6561,NA,NA,NA,NA,4632809.29,4691452.45,NA,NA,NA,NA,site_1
2021-09-07,115637.75,111127.75,109373.39,149167.17,127222.74,97068.941,242360665,250536703,NA,NA,NA,NA,site_1
2021-09-14,0.1404,NA,NA,NA,NA,NA,NA,NA,NA,NA,NA,NA,site_1
2021-09-16,186391.088,164111.246,172135.678,248210.668,179121.624,135583.907,6218477.07,5629325.64,NA,NA,NA,NA,site_1
2021-09-19,22453.3987,18112.8009,25099.0937,19303.1868,16203.531,12363.0382,21794786.8,20805574.6,NA,NA,NA,NA,site_1
2021-09-22,95.6887,242.7422,455.1178,0.2374,NA,NA,1016110,1122453,NA,NA,NA,NA,site_1
2021-09-27,14153.617,2234.6465,23739.4178,96299.6851,96299.6851,113812.193,44331249.7,46748182.3,NA,NA,NA,NA,site_1
2021-09-29,0.3481,410.7819,287.1555,NA,NA,NA,607400.1,521425.7,NA,NA,NA,NA,site_1
2021-10-04,46729.29,60278.55,63225.95,35653.71,45265.52,34536.88,6301555,5975758,NA,NA,NA,NA,site_1
2021-10-06,NA,NA,NA,NA,NA,NA,25557.41,40667.36,NA,NA,NA,NA,site_1
2021-10-11,504.7128,169.688,328.4365,1691.488,1127.307,512.8085,1122453,1085823,NA,NA,NA,NA,site_1
2021-10-13,125.4137,13.9524,19.3339,NA,NA,NA,2918.4602,1324.9952,NA,NA,NA,NA,site_1
2021-10-18,13.1965,105.2751,458.7534,22632.76,15325.75,20571.81,91375761.98,78441987.84,NA,NA,NA,NA,site_1
2021-10-20,275258.6461,240435.5847,268766.2268,284159.8203,250193.4116,268766.2268,18586103.89,16061562.2,NA,NA,NA,NA,site_1
2021-10-24,NA,NA,NA,NA,NA,NA,NA,NA,NA,NA,NA,NA,site_1
2021-10-27,1431.216,1664.785,555.2767,116.7471,2216.937,NA,743864.5,705405.9,NA,NA,NA,NA,site_1
2021-11-01,7918.1078,6041.3912,9584.1061,12561.3427,9064.9129,7083.4602,49296885.7,51984544.1,NA,NA,NA,NA,site_1
2021-11-03,29663.4708,27177.6743,32120.0502,18998.4497,33423.6088,18698.5235,32669699,26950799,NA,NA,NA,NA,site_1
2021-11-08,59744.6974,62169.3735,76457.0508,86836.9061,52603.2486,37660.3815,13249951.8,11299260.8,NA,NA,NA,NA,site_1
2021-11-10,80836.1306,71173.5645,84116.7804,45948.3944,66784.4442,52603.2486,51640732.6,52330644.5,NA,NA,NA,NA,site_1
2021-01-14,NA,37679.1112,227660.3032,NA,NA,NA,114153680,292492967.9,NA,NA,NA,NA,site_2
2021-01-19,12491.3481,11177.7381,10802.0484,12175.1257,12491.3481,10710.1158,NA,NA,NA,NA,NA,NA,site_2
2021-01-21,12815.7837,20860.584,14200.0084,38599.9766,26500.931,43506.523,119946238,119152947,NA,NA,NA,NA,site_2
2021-01-25,50742.2266,49882.2019,44636.5102,17433.1337,14568.8227,14568.8227,NA,NA,NA,NA,NA,NA,site_2
2021-01-27,11866.9086,24749.4477,17885.9214,9666.0879,13148.6458,11866.9086,87809184.8,86078444.85,NA,NA,NA,NA,site_2
2021-02-01,13722.7386,18194.2946,19481.879,29869.54,30384.52,22336.86,28420152.28,28045469.31,NA,NA,NA,NA,site_2
2021-02-03,5313.908,13959.33,16005.01,11468.06,14321.9,18666.85,143000000,137000000,NA,NA,NA,NA,site_2
2021-02-08,6926.0336,10710.1158,12175.1257,14693.8773,8009.175,3973.8153,33996655.9,32453630.6,NA,NA,NA,NA,site_2
2021-02-10,28376.3643,31711.1604,26500.931,3807.5702,3075.0282,2260.5744,121548.7,129028.878,NA,NA,NA,NA,site_2
2021-02-15,9182.882,4440.819,3939.996,15868.8,16991.81,19987.88,13606351.13,13249951.75,NA,NA,NA,NA,site_2
2021-02-17,15204.9228,33955.3142,22336.8579,24329.9719,16991.8084,19316.0753,21507450.7,NA,NA,NA,NA,NA,site_2
2021-02-22,21402.3923,23312.124,24961.89,42769.1354,39942.4639,33095.7248,NA,NA,NA,NA,NA,NA,site_2
2021-02-25,16142.39,25392.26,29363.28,10174.72,5048.267,9832.742,9764488,14443694,NA,NA,NA,NA,site_2
2021-03-01,8077.9235,11968.7708,13959.3339,15467.0726,12815.7837,17284.7661,22530034,23758367.9,NA,NA,NA,NA,site_2
2021-03-03,16280.9536,16420.7047,17582.7747,22917.0092,11082.6081,15599.8376,11003292.4,10715076.5,NA,NA,NA,NA,site_2
2021-03-08,59181.3224,59689.3182,48205.6347,NA,NA,NA,14832202.7,15030358.5,NA,NA,NA,NA,site_2
2021-03-10,43136.2536,43136.2536,38599.9766,NA,NA,NA,NA,NA,NA,NA,NA,NA,site_2
2021-03-15,26728.41,35742.05,23917.61,64462.06,53412.29,53870.77,4176124,4121067,NA,NA,NA,NA,site_2
2021-03-18,57683.13,62295.46,58178.26,77135.66,86940.58,76479.18,56090939,58369204,NA,NA,NA,NA,site_2
2021-03-22,59434.4,46784.63,47591.25,36203.01,20771.5,19733.13,2931157.25,2533019.55,4084428.87,4278625.23,NA,NA,site_2
2021-03-24,1787.053,2670.54,7136.31,66989.27,57436.78,53184.19,2323671,1994767,58445481,NA,NA,NA,site_2
2021-03-29,105014,79205.05,60769.04,108666.4,115366.3,108666.4,60740007,51114826,17796460,18766720,NA,NA,site_2
2021-03-31,69081.48,75891.5,58226.76,48245.82,37977.38,49498.9,50107341,NA,NA,NA,NA,NA,site_2
2021-04-05,19332.1757,31467.4844,26073.4843,6756.3257,10719.043,15217.5965,6982220.7,6362792.36,4689028.9,5214256.84,NA,NA,site_2
2021-04-07,244754.5,295388.5,234515.1,115366.3,136873,119378.6,1767876,1163846,5684030,7122609,NA,NA,site_2
2021-04-12,86272.5071,30409.8456,53915.6732,32010.0189,44673.7159,35165.5495,10747648.6,8463832.48,NA,NA,NA,NA,site_2
2021-04-14,300481.323,303060.569,278233.814,51660.1033,71484.1018,45834.0184,31074815.4,NA,28696334.4,32769009.4,NA,NA,site_2
2021-04-19,147817.355,128924.123,134553.174,112445.724,111488.737,96411.2695,17330306.8,15379175.5,NA,NA,NA,NA,site_2
2021-04-21,194315.7,204540.6,199362.6,111488.7,176879.1,121436.9,79204274,62373802,34555571,34555571,NA,NA,site_2
2021-04-26,242671.4,297924,195983.7,151656.6,189396.5,191022.3,15379176,12856515,9859377,10259839,NA,NA,site_2
2021-04-28,135708.1,166606.8,213471.2,236528.1,238558.4,236528.1,18766720,12856515,NA,NA,NA,NA,site_2
2021-05-03,724683.9,830882.9,756324.8,206296.4,264325,251111.4,18642603,17678759,10466129,8352248,NA,NA,site_2
2021-05-05,209853.1,232519.2,181473.1,NA,NA,NA,13738575,12354700,NA,NA,NA,NA,site_2
2021-05-10,1084.8077,203.1468,327.8532,0.4244,494.1435,1.3571,507767.6657,450600.6802,89847.0161,158979.9204,NA,NA,site_2
2021-05-12,769364.6993,464651.1956,595351.8139,297924.027,356497.5355,359557.6095,128565148.3,125197563.6,108912354.2,103281465.2,NA,NA,site_2
2021-05-17,62347.38,54845.24,53915.67,42804.78,35165.55,52550.78,3893958,3643953,4446601,4596607,NA,NA,site_2
2021-05-19,75891.5,84810.28,101484.5,8583.121,17900.83,7051.319,941188.4,1039691,NA,NA,NA,NA,site_2
2021-05-24,-2.6503,-0.6793,-1.7743,0.0854,NA,NA,85769.08,95376.25,NA,NA,NA,NA,site_2
2021-05-26,105014,136873,122479.2,65069.58,95590.75,81959.76,9665046,10535810,NA,NA,NA,NA,site_2
2021-06-01,5994.366,10010.61,16294.52,NA,NA,NA,456620.6,381720.7,NA,NA,NA,NA,site_2
2021-06-07,NA,NA,NA,NA,NA,NA,NA,NA,NA,NA,NA,NA,site_2
2021-06-09,169479.302,133408.038,155595.539,151656.589,139232.865,124590.915,57983166.6,56464378.5,NA,NA,NA,NA,site_2
2021-06-14,42079.29,60769.04,47835.21,42079.29,79205.05,37015.97,16217646,16325619,25805776,25977584,NA,NA,site_2
2021-06-16,42440.49,66191.45,60769.04,72716.57,87013.05,77862.62,82421.34,52142.57,2512983,2244906,NA,NA,site_2
2021-06-21,24236.07,15849.81,18586.1,25053.67,27675.73,25557.41,19729903,19993492,NA,NA,NA,NA,site_2
2021-06-23,116798.9,125771.3,110265.3,73695.11,50070.45,NA,NA,NA,NA,NA,NA,NA,site_2
2021-07-12,1159.062,1482.848,959.5796,1583.534,1835.783,1805.879,49625092.42,42884539.63,46439002.73,48970849.73,NA,NA,site_2
2021-07-14,2367.978,2254.134,NA,1207.642,1332.706,1159.062,5819231,6514138,NA,NA,NA,NA,site_2
2021-07-18,NA,NA,NA,NA,NA,NA,NA,NA,NA,NA,NA,NA,site_2
2021-07-20,NA,NA,NA,NA,NA,NA,NA,NA,NA,NA,NA,NA,site_2
2021-07-26,NA,NA,NA,NA,NA,NA,NA,NA,NA,NA,NA,NA,site_2
2021-07-28,690.9198,1103.338,1623.029,1705,2009.329,1791.111,13972337,14734107,NA,NA,NA,NA,site_2
2021-08-02,NA,NA,NA,NA,NA,NA,NA,NA,NA,NA,NA,NA,site_2
2021-08-04,NA,NA,NA,NA,NA,NA,NA,NA,NA,NA,NA,NA,site_2
2021-08-09,NA,NA,NA,NA,NA,NA,6689356,6915022,NA,NA,NA,NA,site_2
2021-08-11,1644.909,1705,3137.798,NA,NA,NA,4203928,4522260,NA,NA,NA,NA,site_2
2021-08-15,5623.907,3688.932,4465.096,17969.26,10885.25,10798.99,NA,NA,NA,NA,NA,NA,site_2
2021-08-18,15448.17,14728.03,19927.4,7981.359,15204.29,7855.358,5028808,5198454,NA,NA,NA,NA,site_2
2021-08-23,24120.2,26962.3,25910.74,11148.2,12661.68,11059.85,16493588.7,19341022.3,NA,NA,NA,NA,site_2
2021-08-25,56508.1892,68397.7147,75851.1407,NA,NA,NA,NA,NA,NA,NA,NA,NA,site_2
2021-08-30,35057.9,40456.06,42434.21,36772.1,33158.73,30622.71,13144444.5,13177954.8,NA,NA,NA,NA,site_2
2021-09-01,88229.7791,100207.907,83450.1683,75250.0325,79559.9803,72315.1958,11209220.3,11225975.5,NA,NA,NA,NA,site_2
2021-09-07,23179.485,8921.8062,14845.676,1220.6651,931.3482,2325.3373,3960213.7,3730628.6,NA,NA,NA,NA,site_2
2021-09-14,42137.49,54789.55,45627.11,79003.67,75922.44,55227.21,4832523.24,NA,NA,NA,NA,NA,site_2
2021-09-16,22834.997,26987.6385,18716.099,67381.203,48625.7524,59800.8539,20593691.7,21147624.2,NA,NA,NA,NA,site_2
2021-09-19,12774.8242,8379.4865,18567.7768,13943.269,7319.3949,8930.1922,526124735,581187662,NA,NA,NA,NA,site_2
2021-09-22,14859.63,18129.83,13723.15,11797.79,NA,NA,NA,NA,NA,NA,NA,NA,site_2
2021-09-27,7677.2862,5999.1477,10062.1823,10638.4941,4763.0181,6444.4874,158979920,134677847,NA,NA,NA,NA,site_2
2021-09-29,25323.37,34536.88,33455.03,15962.72,15218.59,21426.81,46580170,48472133,NA,NA,NA,NA,site_2
2021-10-04,NA,NA,NA,NA,NA,NA,151304.27,140653.6142,NA,NA,NA,NA,site_2
2021-10-06,1691.488,1599.856,4256.947,3601.922,3047.687,NA,423191.6,470594.2,NA,NA,NA,NA,site_2
2021-10-11,61187.91,65730.13,79559.98,10544.27,4500.764,8438.491,4929689,4643900,NA,NA,NA,NA,site_2
2021-10-13,0.3111,2.0183,0.2374,NA,0.0974,10.6454,183410.701,217947.868,NA,NA,NA,NA,site_2
2021-10-18,12979.73,6759.599,9746.989,8247.201,11892.03,11070.25,131150149,121111854.9,NA,NA,NA,NA,site_2
2021-10-20,17284.6696,24335.7289,15340.1536,25122.6853,36514.9772,30651.4966,207307994.6,221530993,NA,NA,NA,NA,site_2
2021-10-24,NA,NA,NA,NA,NA,NA,11994.62,14159.01,NA,NA,NA,NA,site_2
2021-10-27,NA,NA,NA,NA,NA,NA,21650.64,23601.24,NA,NA,NA,NA,site_2
2021-11-01,10544.2747,13175.5457,9737.8361,6916.3854,5898.8953,5805.7701,30169144.8,32887205.9,NA,NA,NA,NA,site_2
2021-11-03,693.8432,1127.3072,176.5746,NA,NA,NA,305721.998,282321.892,NA,NA,NA,NA,site_2
2021-11-08,0,NA,NA,NA,NA,NA,NA,NA,NA,NA,NA,NA,site_2
2021-11-10,11704.2949,6495.9669,6759.599,3464.6968,NA,3548.3913,NA,NA,NA,NA,NA,NA,site_2
2021-01-14,2069.6514,3648.5371,NA,NA,NA,NA,281344.298,684745456,NA,NA,NA,NA,site_3
2021-01-19,26728.4075,31983.36,38931.3079,36670.3729,38931.3079,27189.235,54096018.9,59757575.8,NA,NA,NA,NA,site_3
2021-01-21,45795.8465,31983.36,26957.8366,35136.2626,26275.3905,18827.0828,17625181.8,17625181.8,NA,NA,NA,NA,site_3
2021-01-25,14200.0084,9666.0879,11968.7708,NA,NA,NA,NA,NA,NA,NA,NA,NA,site_3
2021-01-27,9182.8824,8874.2409,11273.6847,8430.6197,5837.7507,7608.7982,NA,NA,NA,NA,NA,NA,site_3
2021-02-01,NA,3349.4124,2319.288,2299.5493,1905.3719,NA,60555927.45,57425119.15,NA,NA,NA,NA,site_3
2021-02-03,23714.05,31983.36,36670.37,3209.289,953.4801,96.4958,3245363,2423607,NA,NA,NA,NA,site_3
2021-02-08,4365.5519,5091.6003,4077.0265,4878.5924,8287.73,6926.0336,48005622.6,48646970,NA,NA,NA,NA,site_3
2021-02-10,63369.5007,26051.7695,35437.8623,NA,NA,NA,1533256.71,NA,NA,NA,NA,NA,site_3
2021-02-15,5989.374,9341.206,9666.088,18988.69,17433.13,19481.88,NA,NA,NA,NA,NA,NA,site_3
2021-02-17,45019.6574,55744.3683,58178.2643,54333.1821,32257.8961,35136.2626,35850148.1,35143533.1,NA,NA,NA,NA,site_3
2021-02-22,22146.7564,24329.9719,33379.8091,31711.1604,18039.4491,24961.89,NA,NA,NA,NA,NA,NA,site_3
2021-02-25,38963.76,37977.38,35165.55,NA,NA,NA,394598.1,394598.1,578000000,626000000,NA,NA,site_3
2021-03-01,7746.4339,6872.8123,14706.125,NA,NA,NA,63627923.6,64051542.8,NA,NA,NA,NA,site_3
2021-03-03,25197.1407,28158.3137,60769.0388,39635.5367,30151.0377,24982.6963,53901598.1,53190975.2,NA,NA,NA,NA,site_3
2021-03-08,21976.5756,35771.8427,33983.6168,65628.1164,48659.9437,49923.7799,15584638.8,14877290.1,NA,NA,NA,NA,site_3
2021-03-10,31737.5924,37015.969,59739.0707,67910.6284,35771.8427,58226.7573,17330306.8,16325618.8,NA,NA,NA,NA,site_3
2021-03-15,28158.31,19004.52,36700.94,42079.29,40318.9,22936.11,16003837,16110387,14681152,14108118,NA,NA,site_3
2021-03-18,119378.6,152958.4,115366.3,99764.4,166606.8,197665.9,49446740,55351452,56090939,NA,NA,NA,site_3
2021-03-22,46386.47,61501.5,79477.52,47591.25,38435.13,37783.7,41116220,39774429.5,35767982.9,37718047.6,NA,NA,site_3
2021-03-24,30514.46,51837.81,96742.92,49669.17,28497.71,47186.22,8418842,8198322,12959023,12619579,NA,NA,site_3
2021-03-29,84810.28,89273.02,130030.8,65628.12,30151.04,73970.28,62789072,62789072,21430153,21572830,NA,NA,site_3
2021-03-31,49923.78,81262.23,104120.3,70875.72,31737.59,49498.9,15792847,15897992,25805776,28887388,NA,NA,site_3
2021-04-05,62882.5547,57731.209,60769.0388,86272.5071,31737.5924,41014.0402,7265820.06,7265820.06,6754362.27,6447798.24,NA,NA,site_3
2021-04-07,122479.2,159636.8,194315.7,181473.1,87013.05,114384.4,27759856,26324640,NA,NA,NA,NA,site_3
2021-04-12,48245.8153,47428.102,51660.1033,81262.2329,18365.7648,41366.0931,21861039.3,21716456.4,10676566.6,10396908.8,NA,NA,site_3
2021-04-14,140428,192661.951,257633.502,419356.742,230540.354,359557.61,22153099.3,21430153,24798524.9,NA,NA,NA,site_3
2021-04-19,87759.9413,116356.529,163783.013,244754.465,105915.441,113410.927,NA,25977584.1,27759855.6,26324640.4,NA,NA,site_3
2021-04-21,172401.3,248974.3,412249.1,273518.1,211654.5,204540.6,9226374,9287801,NA,NA,NA,NA,site_3
2021-04-26,71484.1,114384.4,39635.54,36388.59,24982.7,45057.18,4977594,5145514,4536007,4417192,NA,NA,site_3
2021-04-28,510456.3,730904.3,977387.8,510456.3,253266.9,419356.7,16110387,15688398,8026243,7611277,NA,NA,site_3
2021-05-03,192662,215303.6,271190.2,159636.8,159636.8,138047.9,40790984,41888186,20730799,21288420,NA,NA,site_3
2021-05-05,222791.8,257633.5,391640.9,452888.4,224704.2,308285.7,32769009,35485052,NA,NA,NA,NA,site_3
2021-05-10,124590.9152,115366.2573,169479.3016,181473.1114,112445.7243,146559.3308,173303068.4,162176457,63207106.03,73141941.26,NA,NA,site_3
2021-05-12,206296.3636,244754.4646,224704.1522,NA,NA,NA,5390159.806,5684030.456,NA,NA,NA,NA,site_3
2021-05-17,285.9487,0.3765,5.7534,7.7597,203.1468,3.6576,11561.49,8297.008,24963.63,14487.6,NA,NA,site_3
2021-05-19,191022.3,201073.9,257633.5,338676.3,176879.1,219015.7,200542.7,201877.9,316996.2,270327.2,NA,NA,site_3
2021-05-24,0.98740000000000006,0.8649,0.7572,0.9057,0.9577,0.9577,232063.8,212884.2,NA,NA,NA,NA,site_3
2021-05-26,3410,1663.223,2281.879,2.3452,260.2895,NA,2414.896,5283.918,NA,NA,NA,NA,site_3
2021-06-01,426586.9,506111.9,275865.9,NA,NA,NA,NA,NA,NA,NA,NA,NA,site_3
2021-06-07,12289.87,12289.87,12289.87,7359.191,7359.191,7359.191,557199.7,501073.4,NA,NA,NA,NA,site_3
2021-06-09,36700.9385,49498.8954,40318.8975,54845.2395,18054.4854,17005.9715,572187.335,568403.046,NA,NA,NA,NA,site_3
2021-06-14,3410,3410,3410,3410,3410,385.6617,252.9714,NA,NA,NA,NA,NA,site_3
2021-06-16,18842.78,22355.48,8957.875,2281.879,15.5064,1475.649,296644.1,338744.7,73628.9,62373.8,NA,NA,site_3
2021-06-21,932.1301,34.6802,27.86,51.2992,1298.879,601.5543,7243.8,3514.353,6869.288,3377.181,NA,NA,site_3
2021-06-23,56179.97,58538.11,47659.88,78706.41,114893.6,135433,1009389.255,919841.1959,NA,NA,NA,NA,site_3
2021-07-12,0,0,0,NA,NA,NA,NA,NA,NA,NA,NA,NA,site_3
2021-07-14,668.5938,497.4785,920.9782,2813.654,2634.754,3398.572,110765.5,122357.9,NA,NA,NA,NA,site_3
2021-07-18,NA,NA,NA,NA,NA,NA,NA,NA,NA,NA,NA,NA,site_3
2021-07-20,NA,NA,NA,NA,NA,NA,NA,NA,NA,NA,NA,NA,site_3
2021-07-26,1033.185,1289.642,1776.463,251.6336,201.594,284.6188,156408.5,166034,NA,NA,NA,NA,site_3
2021-07-28,329.9572,1067.686,1332.706,52.0035,2.5961,54.6299,77923.19,76895.88,NA,NA,NA,NA,site_3
2021-08-02,NA,NA,NA,NA,NA,NA,NA,NA,NA,NA,NA,NA,site_3
2021-08-04,NA,NA,NA,NA,NA,NA,NA,NA,NA,NA,NA,NA,site_3
2021-08-09,NA,NA,NA,NA,NA,NA,1043441,889823,NA,NA,NA,NA,site_3
2021-08-11,3856.771,1831.847,3720.844,8120.045,5932.155,5423.211,20944093,22831032,NA,NA,NA,NA,site_3
2021-08-16,0.8753,8.4519,1.1381,28056.53,17268.44,23179.49,328872.1,423191.6,NA,NA,NA,NA,site_3
2021-08-18,11693.3,5235.273,6753.251,8371.618,4429.711,7489.166,2996961,3266970,NA,NA,NA,NA,site_3
2021-08-23,NA,NA,NA,NA,NA,NA,NA,NA,NA,NA,NA,NA,site_3
2021-08-25,NA,NA,NA,NA,NA,NA,NA,NA,NA,NA,NA,NA,site_3
2021-08-30,NA,NA,NA,NA,NA,NA,0,0,NA,NA,NA,NA,site_3
2021-09-01,1625.5182,3121.3084,2726.4307,1032.839,194.2645,364.2268,6869626.8,7012045.89,NA,NA,NA,NA,site_3
2021-09-07,66784.444,52186.376,45584.261,20901.78,19303.187,29195.177,164935.89,126485.69,NA,NA,NA,NA,site_3
2021-09-14,20.1186,7.9941,102.792,716.2804,1477.497,5623.907,202606.016,219398.912,NA,NA,NA,NA,site_3
2021-09-16,45223.0126,42773.1776,39501.8345,NA,NA,NA,NA,NA,NA,NA,NA,NA,site_3
2021-09-19,13175.5457,13071.1316,11059.8507,11786.71,11975.77,11880.87,NA,NA,NA,NA,NA,NA,site_3
2021-09-22,4429.711,6753.251,7609.293,4290.952,4609.486,4536.717,4962509,4433125,NA,NA,NA,NA,site_3
2021-09-27,0.0703,0.543,0.1993,NA,NA,NA,3805.6387,6823.8561,NA,NA,NA,NA,site_3
2021-09-29,NA,NA,NA,NA,NA,NA,NA,NA,NA,NA,NA,NA,site_3
2021-10-04,NA,NA,NA,NA,NA,NA,832.6935,664.5115,NA,NA,NA,NA,site_3
2021-10-06,6144.065,5240.194,10982.52,3225.272,2560.702,1075.766,492968.9,506228.8,NA,NA,NA,NA,site_3
2021-10-11,37100.68,23386.61,16743.24,20921.43,42813.38,45627.11,8108823,7896424,NA,NA,NA,NA,site_3
2021-10-13,40817.5548,49405.7145,60278.5519,81558.4495,50599.1778,54355.3486,22598521.5,22153099.3,NA,NA,NA,NA,site_3
2021-10-18,12967.54,22995.79,29195.18,2181.939,341.7657,2662.123,2094409.307,2150745.073,NA,NA,NA,NA,site_3
2021-10-20,103.6131,0.2851,0.5136,NA,NA,NA,87228.4391,71010.231,NA,NA,NA,NA,site_3
2021-10-24,1210.992,1210.992,1210.992,NA,NA,NA,1397234,1595534,NA,NA,NA,NA,site_3
2021-10-27,2181.939,2181.939,2199.368,4536.717,3461.443,4500.764,28991583,30169145,NA,NA,NA,NA,site_3
2021-11-01,14728.0267,16727.5125,21068.7461,NA,7429.8152,6861.5742,NA,NA,NA,NA,NA,NA,site_3
2021-11-03,0,NA,NA,NA,NA,NA,NA,NA,NA,NA,NA,NA,site_3
2021-11-08,2.2923,NA,44.2267,NA,NA,NA,34680.2111,32669.699,NA,NA,NA,NA,site_3
2021-11-10,10295.571,8993.0749,16075.1205,19150.2121,17131.5887,19303.1868,19469790.2,21223902.8,NA,NA,NA,NA,site_3
2021-01-14,145699.7,35136.8181,292.9753,NA,NA,NA,21579046.4,141693711.6,NA,NA,NA,NA,site_4
2021-01-19,132162.486,145190.993,121335.721,321478,224517.012,240405.762,44923508.1,44923508.1,NA,NA,NA,NA,site_4
2021-01-21,63913.4466,69023.9502,75182.9453,10438.9859,6197.6809,3407.16,34222997.3,34911103.5,NA,NA,NA,NA,site_4
2021-01-25,62830.1842,66704.0188,73908.6773,65015.3856,49457.6712,36985.141,18959806.2,18959806.2,NA,NA,NA,NA,site_4
2021-01-27,25176.1558,29869.5353,34540.7417,39602.527,59689.3182,59689.3182,74386450.47,72438001.21,NA,NA,NA,NA,site_4
2021-02-01,16142.3919,22917.0092,24749.4477,10988.2878,NA,NA,14832202.68,15332567.07,NA,NA,NA,NA,site_4
2021-02-03,10262.06,14321.9,25176.16,25392.26,19151.68,12385.04,71958916,71958916,NA,NA,NA,NA,site_4
2021-02-08,12491.3481,5593.5275,6926.0336,10438.9859,12491.3481,11370.4548,12648568.8,14253272.4,NA,NA,NA,NA,site_4
2021-02-10,171.0839,0.2518,NA,3181.9761,217.3421,0.548,827186.325,821715.542,NA,NA,NA,NA,site_4
2021-02-15,22336.86,27422.62,12706.71,NA,1140.94,2379.526,8898230.142,9017109.068,NA,NA,NA,NA,site_4
2021-02-17,23917.6057,11468.0555,23512.2287,36985.141,33666.332,19817.7683,24887972.2,26419592.4,NA,NA,NA,NA,site_4
2021-02-22,52957.7205,36048.8505,50742.2266,43879.9706,35742.0509,27895.4163,NA,NA,NA,NA,NA,NA,site_4
2021-02-25,22146.76,9749.059,14079.16,11273.68,12175.13,7739.982,12317257,NA,NA,NA,NA,NA,site_4
2021-03-01,23714.051,15599.8376,19316.0753,21586.1043,21402.3923,11566.4941,209440931,229830351,NA,NA,NA,NA,site_4
2021-03-03,26728.4075,24538.8135,26500.931,1121.6018,1275.0229,2547.9221,43457470.2,38821569.2,NA,NA,NA,NA,site_4
2021-03-08,21402.3923,12598.5703,11177.7381,NA,NA,NA,19599415.3,18959806.2,NA,NA,NA,NA,site_4
2021-03-10,24749.4477,19481.879,20507.0201,39942.4639,24538.8135,NA,NA,NA,NA,NA,NA,NA,site_4
2021-03-15,126739,87013.05,93970.59,89273.02,NA,NA,4596607,4944674,3066513,2986190,NA,NA,site_4
2021-03-18,74605.22,28400.02,63422.32,92377.89,69674.46,NA,649000000,624000000,771000000,NA,NA,NA,site_4
2021-03-22,172994.4,120817.5,140911.1,13318.22,10305.94,6664.661,6674024.88,6041713.9,2188960.7,2034874.72,NA,NA,site_4
2021-03-24,30254.76,37143.3,31307,47186.22,23411.82,51396.64,9361854,8936943,8996443,NA,NA,NA,site_4
2021-03-29,41721.17,38632.15,40664.98,111488.7,64515.79,32010.02,NA,NA,NA,NA,NA,NA,site_4
2021-03-31,54378.47,71484.1,78530.97,27211.9,40664.98,18365.76,31074815,29079713,46580170,44171923,NA,NA,site_4
2021-04-05,14333.8349,11675.5013,20349.4394,66759.6182,56752.7287,53915.6732,12191818.8,11036740.6,21716456.4,22006584.8,NA,NA,site_4
2021-04-07,234515.1,324507.7,266593.9,170934.1,116356.5,426586.9,4720247,3893958,NA,NA,NA,NA,site_4
2021-04-12,162389.111,92377.8901,54378.4701,97238.8365,56752.7287,39298.2119,16876363.6,19921635.2,27944674,28887387.7,NA,NA,site_4
2021-04-14,266593.863,162389.111,219015.696,381726.361,236528.138,NA,NA,NA,NA,NA,NA,NA,site_4
2021-04-19,21604.0969,26980.3066,20004.5388,144075.312,65628.1164,39975.7569,6490726.12,4720247.31,NA,NA,NA,NA,site_4
2021-04-21,130030.8,81262.23,124590.9,104120.3,93970.59,50784.52,11638462,8407855,15277462,15076048,NA,NA,site_4
2021-04-26,173881.2,103234.2,149086.2,321746,222791.8,109599.1,5646438,5498537,13830043,14202046,NA,NA,site_4
2021-04-28,49923.78,46227.44,65628.12,75245.61,88513.25,45443.94,627890.7,611444,2775986,2794467,NA,NA,site_4
2021-05-03,359557.6,271190.2,170934.1,NA,NA,NA,3998698,3525036,NA,NA,NA,NA,site_4
2021-05-05,77862.62,63966.72,83372.84,124590.9,93170.84,51220.44,10259839,NA,NA,NA,NA,NA,site_4
2021-05-10,65628.1164,38303.3653,50352.3115,81959.7649,48245.8153,23937.5416,1815428.558,1698872.237,NA,NA,NA,NA,site_4
2021-05-12,12081.5692,23531.8267,33407.632,42079.2907,24770.077,28158.3137,3548505.194,3791961.236,3432702.951,2946821.316,NA,NA,site_4
2021-05-17,41721.17,22740.91,26980.31,23331.56,24559.27,15479.96,5179771,5179771,5914901,5721873,NA,NA,site_4
2021-05-19,37977.38,26523.02,29137.65,62347.38,40318.9,21789.54,9991097,10891235,NA,NA,NA,NA,site_4
2021-05-24,0,0,0,0,0,0,29861.9,23360.88,NA,NA,NA,NA,site_4
2021-05-26,12695584,9657622,11167948,11167948,9740520,6919967,1978988,2114762,NA,NA,NA,NA,site_4
2021-06-01,46227.44,46624.25,77199.95,64515.79,40318.9,58226.76,9411884,8079680,NA,NA,NA,NA,site_4
2021-06-07,44293.51,44293.51,44293.51,66759.62,66759.62,66759.62,36439534.7,35485051.9,NA,NA,NA,NA,site_4
2021-06-09,95590.7456,73340.7458,56269.7253,115366.257,84088.4915,67332.6639,6799331.17,6155148.41,NA,NA,NA,NA,site_4
2021-06-14,53001.86,28400.02,34569.53,98073.51,89273.02,92377.89,NA,NA,NA,NA,NA,NA,site_4
2021-06-16,52103.54,31737.59,32841.41,54378.47,34866.27,19665.48,12942110,12687018,NA,NA,NA,NA,site_4
2021-06-21,3986.58,2977.14,3422.3,3632.91,3399.666,1821.977,3266970,2823219,3354845,3377181,NA,NA,site_4
2021-06-23,66223.19,61498.88,61498.88,82010.08,51321.08,58058.69,4643900.273,4039839.886,NA,NA,NA,NA,site_4
2021-07-12,0,0,NA,NA,NA,NA,NA,NA,NA,NA,NA,NA,site_4
2021-07-14,0,0,0,NA,NA,NA,6601.166,6136.494,NA,NA,NA,NA,site_4
2021-07-18,NA,NA,NA,NA,NA,NA,NA,NA,NA,NA,NA,NA,site_4
2021-07-20,NA,NA,NA,NA,NA,NA,NA,NA,NA,NA,NA,NA,site_4
2021-07-26,800.98,1583.534,1289.642,176.7731,936.2288,173.8936,2488797,2193989,NA,NA,NA,NA,site_4
2021-07-28,862.4197,905.976,951.732,2310.355,1388.564,NA,1342697,1351636,NA,NA,NA,NA,site_4
2021-08-02,NA,NA,NA,NA,NA,NA,NA,NA,NA,NA,NA,NA,site_4
2021-08-04,NA,NA,NA,NA,NA,NA,NA,NA,NA,NA,NA,NA,site_4
2021-08-09,452.039,NA,NA,NA,NA,NA,NA,NA,NA,NA,NA,NA,site_4
2021-08-11,2552.856,3525.882,5047.679,2767.494,3281.731,4256.723,22831032,19599415,NA,NA,NA,NA,site_4
2021-08-16,6089.651,9508.154,9815.623,14845.68,9283.888,6646.639,8055193,8217155,NA,NA,NA,NA,site_4
2021-08-18,34231,27177.67,30380.03,20247.04,19303.19,25705.4,22831032,21365206,NA,NA,NA,NA,site_4
2021-08-23,20408.78,17406.38,17545.43,25705.4,20086.59,15821.34,15231161.7,15955335.5,NA,NA,NA,NA,site_4
2021-08-25,4834.8729,5152.6241,4646.3074,20736.1363,16075.1205,10713.406,NA,NA,NA,NA,NA,NA,site_4
2021-08-30,4873.4946,7670.0768,8045.1151,1746.1866,5111.7904,NA,NA,NA,NA,NA,NA,NA,site_4
2021-09-01,409743.639,325315.604,375407.154,488125.584,NA,NA,11728631.1,NA,NA,NA,NA,NA,site_4
2021-09-07,NA,NA,NA,NA,NA,NA,NA,NA,NA,NA,NA,NA,site_4
2021-09-14,820.0216,969.146,807.076,5993.514,6438.436,2216.937,638574.269,682385.608,NA,NA,NA,NA,site_4
2021-09-16,70609.5252,105107.702,69494.8211,101008.383,68397.7147,NA,NA,NA,NA,NA,NA,NA,site_4
2021-09-19,NA,NA,NA,NA,NA,NA,NA,NA,NA,NA,NA,NA,site_4
2021-09-22,12363.04,12967.54,NA,NA,NA,NA,NA,NA,NA,NA,NA,NA,site_4
2021-09-27,0.1071,NA,NA,NA,NA,NA,489.7085,605.5593,NA,NA,NA,NA,site_4
2021-09-29,73.5922,420.3099,992.5571,284.6124,69.0539,177.9851,284201.5,258988.6,NA,NA,NA,NA,site_4
2021-10-04,NA,NA,NA,NA,NA,NA,748816.9737,668935.6254,NA,NA,NA,NA,site_4
2021-10-06,28963.81,24900.19,28963.81,NA,NA,NA,2555741,2283103,NA,NA,NA,NA,site_4
2021-10-11,1024.654,1321.754,1760.135,9894.032,11237.25,13493.82,6471.055,3960.214,NA,NA,NA,NA,site_4
2021-10-13,0.0429,10.5611,NA,24.7422,10.8162,0.1071,252204.715,265954.876,NA,NA,NA,NA,site_4
2021-10-18,1442.648,2270.49,564.1834,2381.509,2952.22,2726.431,2268003.35,2407577.584,NA,NA,NA,NA,site_4
2021-10-20,6.9274,22.8499,9.8313,2458.5211,2497.956,1625.5182,3310616.089,3332657.366,NA,NA,NA,NA,site_4
2021-10-24,NA,NA,NA,NA,NA,NA,3945.981,5390.16,NA,NA,NA,NA,site_4
2021-10-27,13280.79,8711.371,8573.846,11600.64,7429.815,6699.733,8055193,6514138,NA,NA,NA,NA,site_4
2021-11-01,0,NA,NA,NA,NA,NA,NA,NA,NA,NA,NA,NA,site_4
2021-11-03,11975.7718,11327.0166,15571.5749,17826.8563,17406.3811,15204.2941,1921310.61,1883441.13,NA,NA,NA,NA,site_4
2021-11-08,0,NA,NA,NA,NA,NA,NA,NA,NA,NA,NA,NA,site_4
2021-11-10,23364.6465,25299.5889,22813.5536,20408.7774,NA,NA,4962509.24,4800562.26,NA,NA,NA,NA,site_4
2021-01-14,NA,35768.7125,43237.0948,NA,NA,NA,10029121.23,41233355.65,NA,NA,NA,NA,site_5
2021-01-19,NA,2022.8489,4556.1595,NA,6985.4847,2799.0949,3908003.38,4288453.96,NA,NA,NA,NA,site_5
2021-01-21,13501.3977,17005.9715,22547.3693,23937.5416,27918.6678,23132.9882,1140906505,1517642097,NA,NA,NA,NA,site_5
2021-01-25,24749.4477,30384.5194,31173.6912,10802.0484,4755.0894,18350.4693,28045469.3,28232189.2,NA,NA,NA,NA,site_5
2021-01-27,3617.2307,11468.0555,7873.4283,NA,NA,NA,89574723.95,91375761.98,NA,NA,NA,NA,site_5
2021-02-01,5738.8072,5593.5275,6358.6521,566,NA,NA,NA,NA,NA,NA,NA,NA,site_5
2021-02-03,45795.85,26728.41,44256.62,33379.81,14568.82,37622.81,44923508,45222598,NA,NA,NA,NA,site_5
2021-02-08,21771.3934,19649.106,11082.6081,NA,NA,NA,40938115,37306286.4,NA,NA,NA,NA,site_5
2021-02-10,0,NA,NA,NA,NA,NA,NA,NA,NA,NA,NA,NA,site_5
2021-02-15,21771.39,23917.61,25830.05,28619.94,23113.72,26275.39,54456177.09,53029773.53,NA,NA,NA,NA,site_5
2021-02-17,43136.2536,61765.2819,63369.5007,35742.0509,31711.1604,50742.2266,157449850,192131061,NA,NA,NA,NA,site_5
2021-02-22,85467.032,61239.6183,96330.9753,NA,NA,NA,NA,NA,NA,NA,NA,NA,site_5
2021-02-25,34246.78,34837.23,51617.08,NA,NA,NA,32669699,33326574,NA,NA,NA,NA,site_5
2021-03-01,49457.6712,33379.8091,56222.8621,17733.7003,12706.7129,32814.0582,26950799,28799841,27310857.4,27130230.9,NA,NA,site_5
2021-03-03,5091.6003,3711.1804,5938.4,16847.1968,22146.7564,28865.6045,NA,NA,NA,NA,NA,NA,site_5
2021-03-08,24749.4477,29615.3258,34540.7417,5179.3851,3436.4061,6579.8028,6961060.24,6778724.98,1716351.48,1473410.66,NA,NA,site_5
2021-03-10,44673.7159,76542.930300000007,117355.3,52103.539,39298.2119,NA,3998698.36,3893958.03,NA,NA,NA,NA,site_5
2021-03-15,67332.66,91591.69,97238.84,81262.23,54845.24,68493.55,11793950,11110221,NA,NA,NA,NA,site_5
2021-03-18,226632.9,422956.4,452888.4,178397.3,151656.6,257633.5,96650465,64477982,63627924,NA,NA,NA,site_5
2021-03-22,77465.52,71119.54,68144.24,57436.78,39433.4,47186.22,25839498.2,28733834.4,11653670.9,12788175,NA,NA,site_5
2021-03-04,62561.86,69914.14,84377.75,23612.78,24643.75,60978.08,44820548,40844289,23236706,NA,NA,NA,site_5
2021-03-29,37977.38,47024.46,57239.88,18523.41,5598.19,23132.99,42447806,40521203,19271511,21861039,NA,NA,site_5
2021-03-31,22165.22,49077.63,66759.62,3352.204,2825.475,1331.802,27393878,25129829,2775986,2685394,NA,NA,site_5
2021-04-05,42804.7845,63966.72,82663.2844,NA,NA,NA,5836920.44,5993922.89,1355745,1410811.78,NA,NA,site_5
2021-04-07,372062.8,430248.6,551272.2,112445.7,163783,147817.4,167000000,170000000,91653529,94745461,NA,NA,site_5
2021-04-12,136873.021,108666.364,215303.622,104120.291,78530.9664,96411.2695,42167067.5,41611149.2,28318010.4,29079712.9,NA,NA,site_5
2021-04-14,74605.222,97238.8365,112445.724,NA,NA,45834.0184,91653529,92878005.5,NA,NA,NA,NA,site_5
2021-04-19,84088.4915,115366.257,114384.414,114384.414,99764.4038,184601.91,163256188,157928471,84078550.3,86340108.9,NA,NA,site_5
2021-04-21,297924,395002.6,365756.8,375256.5,189396.5,248974.3,NA,NA,NA,NA,NA,NA,site_5
2021-04-26,128924.1,194315.7,194315.7,100620.8,109599.1,102355.6,55719969,54621715,44762053,50776767,NA,NA,site_5
2021-04-28,242671.4,287910.6,381726.4,244754.5,162389.1,268882.2,114000000,113000000,98593771,105000000,NA,NA,site_5
2021-05-03,0.2792,0.9641,2361.242,NA,NA,NA,69360.42,108192,143917.8,138300.4,NA,NA,site_5
2021-05-05,139232.9,220895.7,251111.4,141633.4,145312,219015.7,31699623,31699623,48794849,45662063,NA,NA,site_5
2021-05-10,72716.5673,88513.2478,124590.9152,68493.5541,24350.2515,36700.9385,2775985.563,2580577.551,2114762.417,2157282.978,NA,NA,site_5
2021-05-12,1,1,1,1,1,1,2414.8962,653.394,603.3829,1952.8975,NA,NA,site_5
2021-08-23,213386.7,220287.1,262426.9,315125.244,300435.082,270913.171,3830975.7,4995548.42,NA,NA,NA,NA,site_5
2021-08-25,NA,NA,NA,NA,NA,NA,NA,NA,NA,NA,NA,NA,site_5
2021-08-30,45948.3944,50955.4763,58801.515,NA,NA,NA,NA,NA,NA,NA,NA,NA,site_5
2021-09-01,176293.853,231058.324,176293.853,231058.324,176293.853,218541.361,11326506.6,11259485.9,NA,NA,NA,NA,site_5
2021-09-07,NA,NA,NA,NA,NA,NA,NA,NA,NA,NA,NA,NA,site_5
2021-09-14,203630.5,400455.2,361104.9,366897.1,222255.5,330844.4,NA,NA,NA,NA,NA,NA,site_5
2021-09-16,68397.7147,34812.7622,18420.6301,NA,NA,NA,270327250,275762596,NA,NA,NA,NA,site_5
2021-09-19,94868.5005,102725.032,97936.3099,86229.7121,79634.7619,61245.4261,113336086,117159480,NA,NA,NA,NA,site_5
2021-09-22,32665.93,39538.96,34812.76,NA,NA,NA,NA,NA,NA,NA,NA,NA,site_5
2021-09-27,13187.93,19631.2468,25323.369,13832.7708,16218.7613,NA,489.7085,605.5593,NA,NA,NA,NA,site_5
2021-09-29,16348.32,15462.69,18420.63,NA,16348.32,NA,NA,NA,NA,NA,NA,NA,site_5
2021-10-04,28761.28,45991.58,50599.18,66847.22,55668.38,82866.66,8326935.301,8839379.701,NA,NA,NA,NA,site_5
2021-10-06,NA,NA,NA,NA,NA,NA,1533.2567,589.6975,NA,NA,NA,NA,site_5
2021-10-11,NA,NA,NA,NA,NA,NA,7638731,6915022,NA,NA,NA,NA,site_5
2021-10-13,3.3852,0.1811,13.3019,18.5799,62.7658,83.5831,155374.077,199934.918,NA,NA,NA,NA,site_5
2021-10-18,2497.956,1201.395,5404.568,6387.412,5235.273,4429.711,4522259.786,4768812.666,NA,NA,NA,NA,site_5
2021-10-20,13386.8828,22453.3987,21406.6909,18257.4886,12363.0382,18698.5235,30775742.05,27675726.05,NA,NA,NA,NA,site_5
2021-10-24,1041.089,3489.094,2306.909,14380.64,7731.346,10885.25,5555110,5666804,NA,NA,NA,NA,site_5
2021-10-27,NA,NA,NA,NA,NA,NA,137881.3,117582.1,NA,NA,NA,NA,site_5
2021-11-01,339.0573,1549.7416,1074.7556,4758.5453,2975.8027,2252.4972,3681445.13,3730628.64,NA,NA,NA,NA,site_5
2021-11-03,145.8808,344.4958,485.0285,931.3482,122.4556,699.3858,763873.094,810882.285,NA,NA,NA,NA,site_5
2021-11-08,17561.9175,14280.0879,19016.3071,4294.9855,2794.916,2664.6256,12519756.4,13202331.5,NA,NA,NA,NA,site_5
2021-11-10,27420.523,44197.8593,42474.0926,46358.9707,39538.9639,48625.7524,249636275,261505365,NA,NA,NA,NA,site_5
